{"flutter":{"platforms":{"android":{"default":{"projectId":"finneyauth","appId":"1:560045957556:android:1f6142223ecb63968052e1","fileOutput":"android/app/google-services.json"}},"dart":{"lib/firebase_options.dart":{"projectId":"finneyauth","configurations":{"android":"1:560045957556:android:1f6142223ecb63968052e1","ios":"1:560045957556:ios:1c1fa9fffb22f1c18052e1","macos":"1:560045957556:ios:1c1fa9fffb22f1c18052e1","web":"1:560045957556:web:3f7944c50ad1a59a8052e1","windows":"1:560045957556:web:24526b8c2cde76448052e1"}}}}}}